Title,Body,Labels,Due Date,Effort,Hours Planned
W01 – JS #1: Workload – subjective,"Complete structured journal summary. Verify N, environment, and statistics against PDF. Add cross-links.","artifact:journal-summary,topic:workload",2026-03-01,S,2.0
W01 – JS #2: Workload – physiological/performance,"Complete structured journal summary. Verify N, environment, and statistics against PDF. Add cross-links.","artifact:journal-summary,topic:workload",2026-03-01,S,2.0
W01 – Major Artifact Progress: Workload Review v1 build,Advance the current monthly major artifact (review/systematic/framework/strategic) by one meaningful section. Verify claims against PDFs.,"phase:draft,artifact:review-article,topic:workload",2026-03-01,M,4.0
W01 – Standards Dossier Progress,"MIL-STD-1472 visual legibility dossier: clause insertion, RQs, evidence extraction, classification, MoC implications.","artifact:standards-dossier,std:mil-std-1472,topic:legibility,phase:draft",2026-03-01,M,3.0
W01 – Housekeeping: Compiler + Crosswalk + Framework Log,"Update standards compiler dashboard, topic-to-criterion crosswalk, and framework revision history if changed. Fix broken links.","artifact:crosswalk,artifact:framework,phase:audit",2026-03-01,XS,1.0
W02 – JS #3: Workload – subjective,"Complete structured journal summary. Verify N, environment, and statistics against PDF. Add cross-links.","artifact:journal-summary,topic:workload",2026-03-08,S,2.0
W02 – JS #4: Workload – physiological/performance,"Complete structured journal summary. Verify N, environment, and statistics against PDF. Add cross-links.","artifact:journal-summary,topic:workload",2026-03-08,S,2.0
W02 – Major Artifact Progress: Workload Review v1 build,Advance the current monthly major artifact (review/systematic/framework/strategic) by one meaningful section. Verify claims against PDFs.,"phase:draft,artifact:review-article,topic:workload",2026-03-08,M,4.0
W02 – Standards Dossier Progress,"MIL-STD-1472 visual legibility dossier: clause insertion, RQs, evidence extraction, classification, MoC implications.","artifact:standards-dossier,std:mil-std-1472,topic:legibility,phase:draft",2026-03-08,M,3.0
W02 – Housekeeping: Compiler + Crosswalk + Framework Log,"Update standards compiler dashboard, topic-to-criterion crosswalk, and framework revision history if changed. Fix broken links.","artifact:crosswalk,artifact:framework,phase:audit",2026-03-08,XS,1.0
W03 – JS #5: Workload – subjective,"Complete structured journal summary. Verify N, environment, and statistics against PDF. Add cross-links.","artifact:journal-summary,topic:workload",2026-03-15,S,2.0
W03 – JS #6: Workload – physiological/performance,"Complete structured journal summary. Verify N, environment, and statistics against PDF. Add cross-links.","artifact:journal-summary,topic:workload",2026-03-15,S,2.0
W03 – Major Artifact Progress: Workload Review v1 build,Advance the current monthly major artifact (review/systematic/framework/strategic) by one meaningful section. Verify claims against PDFs.,"phase:draft,artifact:review-article,topic:workload",2026-03-15,M,4.0
W03 – Standards Dossier Progress,"MIL-STD-1472 visual legibility dossier: clause insertion, RQs, evidence extraction, classification, MoC implications.","artifact:standards-dossier,std:mil-std-1472,topic:legibility,phase:draft",2026-03-15,M,3.0
W03 – Housekeeping: Compiler + Crosswalk + Framework Log,"Update standards compiler dashboard, topic-to-criterion crosswalk, and framework revision history if changed. Fix broken links.","artifact:crosswalk,artifact:framework,phase:audit",2026-03-15,XS,1.0
W04 – JS #7: Workload – subjective,"Complete structured journal summary. Verify N, environment, and statistics against PDF. Add cross-links.","artifact:journal-summary,topic:workload",2026-03-22,S,2.0
W04 – JS #8: Workload – physiological/performance,"Complete structured journal summary. Verify N, environment, and statistics against PDF. Add cross-links.","artifact:journal-summary,topic:workload",2026-03-22,S,2.0
W04 – Major Artifact Progress: Workload Review v1 build,Advance the current monthly major artifact (review/systematic/framework/strategic) by one meaningful section. Verify claims against PDFs.,"phase:draft,artifact:review-article,topic:workload",2026-03-22,M,4.0
W04 – Standards Dossier Progress,"MIL-STD-1472 visual legibility dossier: clause insertion, RQs, evidence extraction, classification, MoC implications.","artifact:standards-dossier,std:mil-std-1472,topic:legibility,phase:draft",2026-03-22,M,3.0
W04 – Housekeeping: Compiler + Crosswalk + Framework Log,"Update standards compiler dashboard, topic-to-criterion crosswalk, and framework revision history if changed. Fix broken links.","artifact:crosswalk,artifact:framework,phase:audit",2026-03-22,XS,1.0
W05 – JS #9: Workload – methods comparison,"Complete structured journal summary. Verify N, environment, and statistics against PDF. Add cross-links.","artifact:journal-summary,topic:workload",2026-03-29,S,2.0
W05 – JS #10: Workload – environment sensitivity,"Complete structured journal summary. Verify N, environment, and statistics against PDF. Add cross-links.","artifact:journal-summary,topic:workload",2026-03-29,S,2.0
W05 – Major Artifact Progress: Workload Systematic Review build,Advance the current monthly major artifact (review/systematic/framework/strategic) by one meaningful section. Verify claims against PDFs.,"phase:draft,artifact:systematic-review,topic:workload",2026-03-29,M,4.0
W05 – Standards Dossier Progress,MIL-STD-1472 clutter/grouping or related display dossier progress aligned to workload systematic review.,"artifact:standards-dossier,std:mil-std-1472,topic:situational-awareness,phase:draft",2026-03-29,M,3.0
W05 – Housekeeping: Compiler + Crosswalk + Framework Log,"Update standards compiler dashboard, topic-to-criterion crosswalk, and framework revision history if changed. Fix broken links.","artifact:crosswalk,artifact:framework,phase:audit",2026-03-29,XS,1.0
W06 – JS #11: Workload – methods comparison,"Complete structured journal summary. Verify N, environment, and statistics against PDF. Add cross-links.","artifact:journal-summary,topic:workload",2026-04-05,S,2.0
W06 – JS #12: Workload – environment sensitivity,"Complete structured journal summary. Verify N, environment, and statistics against PDF. Add cross-links.","artifact:journal-summary,topic:workload",2026-04-05,S,2.0
W06 – Major Artifact Progress: Workload Systematic Review build,Advance the current monthly major artifact (review/systematic/framework/strategic) by one meaningful section. Verify claims against PDFs.,"phase:draft,artifact:systematic-review,topic:workload",2026-04-05,M,4.0
W06 – Standards Dossier Progress,MIL-STD-1472 clutter/grouping or related display dossier progress aligned to workload systematic review.,"artifact:standards-dossier,std:mil-std-1472,topic:situational-awareness,phase:draft",2026-04-05,M,3.0
W06 – Housekeeping: Compiler + Crosswalk + Framework Log,"Update standards compiler dashboard, topic-to-criterion crosswalk, and framework revision history if changed. Fix broken links.","artifact:crosswalk,artifact:framework,phase:audit",2026-04-05,XS,1.0
W07 – JS #13: Workload – methods comparison,"Complete structured journal summary. Verify N, environment, and statistics against PDF. Add cross-links.","artifact:journal-summary,topic:workload",2026-04-12,S,2.0
W07 – JS #14: Workload – environment sensitivity,"Complete structured journal summary. Verify N, environment, and statistics against PDF. Add cross-links.","artifact:journal-summary,topic:workload",2026-04-12,S,2.0
W07 – Major Artifact Progress: Workload Systematic Review build,Advance the current monthly major artifact (review/systematic/framework/strategic) by one meaningful section. Verify claims against PDFs.,"phase:draft,artifact:systematic-review,topic:workload",2026-04-12,M,4.0
W07 – Standards Dossier Progress,MIL-STD-1472 clutter/grouping or related display dossier progress aligned to workload systematic review.,"artifact:standards-dossier,std:mil-std-1472,topic:situational-awareness,phase:draft",2026-04-12,M,3.0
W07 – Housekeeping: Compiler + Crosswalk + Framework Log,"Update standards compiler dashboard, topic-to-criterion crosswalk, and framework revision history if changed. Fix broken links.","artifact:crosswalk,artifact:framework,phase:audit",2026-04-12,XS,1.0
W08 – JS #15: Workload – methods comparison,"Complete structured journal summary. Verify N, environment, and statistics against PDF. Add cross-links.","artifact:journal-summary,topic:workload",2026-04-19,S,2.0
W08 – JS #16: Workload – environment sensitivity,"Complete structured journal summary. Verify N, environment, and statistics against PDF. Add cross-links.","artifact:journal-summary,topic:workload",2026-04-19,S,2.0
W08 – Major Artifact Progress: Workload Systematic Review build,Advance the current monthly major artifact (review/systematic/framework/strategic) by one meaningful section. Verify claims against PDFs.,"phase:draft,artifact:systematic-review,topic:workload",2026-04-19,M,4.0
W08 – Standards Dossier Progress,MIL-STD-1472 clutter/grouping or related display dossier progress aligned to workload systematic review.,"artifact:standards-dossier,std:mil-std-1472,topic:situational-awareness,phase:draft",2026-04-19,M,3.0
W08 – Housekeeping: Compiler + Crosswalk + Framework Log,"Update standards compiler dashboard, topic-to-criterion crosswalk, and framework revision history if changed. Fix broken links.","artifact:crosswalk,artifact:framework,phase:audit",2026-04-19,XS,1.0
W09 – JS #17: SA – measurement (SAGAT/SPAM/etc.),"Complete structured journal summary. Verify N, environment, and statistics against PDF. Add cross-links.","artifact:journal-summary,topic:situational-awareness",2026-04-26,S,2.0
W09 – JS #18: SA – degradation under workload/stress,"Complete structured journal summary. Verify N, environment, and statistics against PDF. Add cross-links.","artifact:journal-summary,topic:situational-awareness",2026-04-26,S,2.0
W09 – Major Artifact Progress: SA Review v1 build,Advance the current monthly major artifact (review/systematic/framework/strategic) by one meaningful section. Verify claims against PDFs.,"phase:draft,artifact:review-article,topic:situational-awareness",2026-04-26,M,4.0
W09 – Standards Dossier Progress,MIL-STD-1472 NVIS/luminance or display integration dossier progress aligned to SA.,"artifact:standards-dossier,std:mil-std-1472,topic:legibility,phase:draft",2026-04-26,M,3.0
W09 – Housekeeping: Compiler + Crosswalk + Framework Log,"Update standards compiler dashboard, topic-to-criterion crosswalk, and framework revision history if changed. Fix broken links.","artifact:crosswalk,artifact:framework,phase:audit",2026-04-26,XS,1.0
W10 – JS #19: SA – measurement (SAGAT/SPAM/etc.),"Complete structured journal summary. Verify N, environment, and statistics against PDF. Add cross-links.","artifact:journal-summary,topic:situational-awareness",2026-05-03,S,2.0
W10 – JS #20: SA – degradation under workload/stress,"Complete structured journal summary. Verify N, environment, and statistics against PDF. Add cross-links.","artifact:journal-summary,topic:situational-awareness",2026-05-03,S,2.0
W10 – Major Artifact Progress: SA Review v1 build,Advance the current monthly major artifact (review/systematic/framework/strategic) by one meaningful section. Verify claims against PDFs.,"phase:draft,artifact:review-article,topic:situational-awareness",2026-05-03,M,4.0
W10 – Standards Dossier Progress,MIL-STD-1472 NVIS/luminance or display integration dossier progress aligned to SA.,"artifact:standards-dossier,std:mil-std-1472,topic:legibility,phase:draft",2026-05-03,M,3.0
W10 – Housekeeping: Compiler + Crosswalk + Framework Log,"Update standards compiler dashboard, topic-to-criterion crosswalk, and framework revision history if changed. Fix broken links.","artifact:crosswalk,artifact:framework,phase:audit",2026-05-03,XS,1.0
W11 – JS #21: SA – measurement (SAGAT/SPAM/etc.),"Complete structured journal summary. Verify N, environment, and statistics against PDF. Add cross-links.","artifact:journal-summary,topic:situational-awareness",2026-05-10,S,2.0
W11 – JS #22: SA – degradation under workload/stress,"Complete structured journal summary. Verify N, environment, and statistics against PDF. Add cross-links.","artifact:journal-summary,topic:situational-awareness",2026-05-10,S,2.0
W11 – Major Artifact Progress: SA Review v1 build,Advance the current monthly major artifact (review/systematic/framework/strategic) by one meaningful section. Verify claims against PDFs.,"phase:draft,artifact:review-article,topic:situational-awareness",2026-05-10,M,4.0
W11 – Standards Dossier Progress,MIL-STD-1472 NVIS/luminance or display integration dossier progress aligned to SA.,"artifact:standards-dossier,std:mil-std-1472,topic:legibility,phase:draft",2026-05-10,M,3.0
W11 – Housekeeping: Compiler + Crosswalk + Framework Log,"Update standards compiler dashboard, topic-to-criterion crosswalk, and framework revision history if changed. Fix broken links.","artifact:crosswalk,artifact:framework,phase:audit",2026-05-10,XS,1.0
W12 – JS #23: SA – measurement (SAGAT/SPAM/etc.),"Complete structured journal summary. Verify N, environment, and statistics against PDF. Add cross-links.","artifact:journal-summary,topic:situational-awareness",2026-05-17,S,2.0
W12 – JS #24: SA – degradation under workload/stress,"Complete structured journal summary. Verify N, environment, and statistics against PDF. Add cross-links.","artifact:journal-summary,topic:situational-awareness",2026-05-17,S,2.0
W12 – Major Artifact Progress: SA Review v1 build,Advance the current monthly major artifact (review/systematic/framework/strategic) by one meaningful section. Verify claims against PDFs.,"phase:draft,artifact:review-article,topic:situational-awareness",2026-05-17,M,4.0
W12 – Standards Dossier Progress,MIL-STD-1472 NVIS/luminance or display integration dossier progress aligned to SA.,"artifact:standards-dossier,std:mil-std-1472,topic:legibility,phase:draft",2026-05-17,M,3.0
W12 – Housekeeping: Compiler + Crosswalk + Framework Log,"Update standards compiler dashboard, topic-to-criterion crosswalk, and framework revision history if changed. Fix broken links.","artifact:crosswalk,artifact:framework,phase:audit",2026-05-17,XS,1.0
W13 – JS #25: Airworthiness/verification method study,"Complete structured journal summary. Verify N, environment, and statistics against PDF. Add cross-links.","artifact:journal-summary,topic:verification",2026-05-24,S,2.0
W13 – JS #26: MoC or test-fidelity study,"Complete structured journal summary. Verify N, environment, and statistics against PDF. Add cross-links.","artifact:journal-summary,topic:verification",2026-05-24,S,2.0
W13 – Major Artifact Progress: Airworthiness Framework v1 build,Advance the current monthly major artifact (review/systematic/framework/strategic) by one meaningful section. Verify claims against PDFs.,"phase:draft,artifact:framework,topic:verification",2026-05-24,M,4.0
W13 – Standards Dossier Progress,MIL-STD-1472 controls/anthropometry or alerting dossier progress aligned to framework.,"artifact:standards-dossier,std:mil-std-1472,topic:anthropometry,phase:draft",2026-05-24,M,3.0
W13 – Housekeeping: Compiler + Crosswalk + Framework Log,"Update standards compiler dashboard, topic-to-criterion crosswalk, and framework revision history if changed. Fix broken links.","artifact:crosswalk,artifact:framework,phase:audit",2026-05-24,XS,1.0
W14 – JS #27: Airworthiness/verification method study,"Complete structured journal summary. Verify N, environment, and statistics against PDF. Add cross-links.","artifact:journal-summary,topic:verification",2026-05-31,S,2.0
W14 – JS #28: MoC or test-fidelity study,"Complete structured journal summary. Verify N, environment, and statistics against PDF. Add cross-links.","artifact:journal-summary,topic:verification",2026-05-31,S,2.0
W14 – Major Artifact Progress: Airworthiness Framework v1 build,Advance the current monthly major artifact (review/systematic/framework/strategic) by one meaningful section. Verify claims against PDFs.,"phase:draft,artifact:framework,topic:verification",2026-05-31,M,4.0
W14 – Standards Dossier Progress,MIL-STD-1472 controls/anthropometry or alerting dossier progress aligned to framework.,"artifact:standards-dossier,std:mil-std-1472,topic:anthropometry,phase:draft",2026-05-31,M,3.0
W14 – Housekeeping: Compiler + Crosswalk + Framework Log,"Update standards compiler dashboard, topic-to-criterion crosswalk, and framework revision history if changed. Fix broken links.","artifact:crosswalk,artifact:framework,phase:audit",2026-05-31,XS,1.0
W15 – JS #29: Airworthiness/verification method study,"Complete structured journal summary. Verify N, environment, and statistics against PDF. Add cross-links.","artifact:journal-summary,topic:verification",2026-06-07,S,2.0
W15 – JS #30: MoC or test-fidelity study,"Complete structured journal summary. Verify N, environment, and statistics against PDF. Add cross-links.","artifact:journal-summary,topic:verification",2026-06-07,S,2.0
W15 – Major Artifact Progress: Airworthiness Framework v1 build,Advance the current monthly major artifact (review/systematic/framework/strategic) by one meaningful section. Verify claims against PDFs.,"phase:draft,artifact:framework,topic:verification",2026-06-07,M,4.0
W15 – Standards Dossier Progress,MIL-STD-1472 controls/anthropometry or alerting dossier progress aligned to framework.,"artifact:standards-dossier,std:mil-std-1472,topic:anthropometry,phase:draft",2026-06-07,M,3.0
W15 – Housekeeping: Compiler + Crosswalk + Framework Log,"Update standards compiler dashboard, topic-to-criterion crosswalk, and framework revision history if changed. Fix broken links.","artifact:crosswalk,artifact:framework,phase:audit",2026-06-07,XS,1.0
W16 – JS #31: Airworthiness/verification method study,"Complete structured journal summary. Verify N, environment, and statistics against PDF. Add cross-links.","artifact:journal-summary,topic:verification",2026-06-14,S,2.0
W16 – JS #32: MoC or test-fidelity study,"Complete structured journal summary. Verify N, environment, and statistics against PDF. Add cross-links.","artifact:journal-summary,topic:verification",2026-06-14,S,2.0
W16 – Major Artifact Progress: Airworthiness Framework v1 build,Advance the current monthly major artifact (review/systematic/framework/strategic) by one meaningful section. Verify claims against PDFs.,"phase:draft,artifact:framework,topic:verification",2026-06-14,M,4.0
W16 – Standards Dossier Progress,MIL-STD-1472 controls/anthropometry or alerting dossier progress aligned to framework.,"artifact:standards-dossier,std:mil-std-1472,topic:anthropometry,phase:draft",2026-06-14,M,3.0
W16 – Housekeeping: Compiler + Crosswalk + Framework Log,"Update standards compiler dashboard, topic-to-criterion crosswalk, and framework revision history if changed. Fix broken links.","artifact:crosswalk,artifact:framework,phase:audit",2026-06-14,XS,1.0
W17 – JS #33: Airworthiness/verification method study,"Complete structured journal summary. Verify N, environment, and statistics against PDF. Add cross-links.","artifact:journal-summary,topic:verification",2026-06-21,S,2.0
W17 – JS #34: MoC or test-fidelity study,"Complete structured journal summary. Verify N, environment, and statistics against PDF. Add cross-links.","artifact:journal-summary,topic:verification",2026-06-21,S,2.0
W17 – Major Artifact Progress: Airworthiness Framework v1 build,Advance the current monthly major artifact (review/systematic/framework/strategic) by one meaningful section. Verify claims against PDFs.,"phase:draft,artifact:framework,topic:verification",2026-06-21,M,4.0
W17 – Standards Dossier Progress,MIL-STD-1472 controls/anthropometry or alerting dossier progress aligned to framework.,"artifact:standards-dossier,std:mil-std-1472,topic:anthropometry,phase:draft",2026-06-21,M,3.0
W17 – Housekeeping: Compiler + Crosswalk + Framework Log,"Update standards compiler dashboard, topic-to-criterion crosswalk, and framework revision history if changed. Fix broken links.","artifact:crosswalk,artifact:framework,phase:audit",2026-06-21,XS,1.0
W18 – JS #35: MIL-STD-1472 clause-related empirical study A,"Complete structured journal summary. Verify N, environment, and statistics against PDF. Add cross-links.","artifact:journal-summary,std:mil-std-1472",2026-06-28,S,2.0
W18 – JS #36: MIL-STD-1472 clause-related empirical study B,"Complete structured journal summary. Verify N, environment, and statistics against PDF. Add cross-links.","artifact:journal-summary,std:mil-std-1472",2026-06-28,S,2.0
W18 – Major Artifact Progress: MIL-STD-1472 dossier production,Advance the current monthly major artifact (review/systematic/framework/strategic) by one meaningful section. Verify claims against PDFs.,"phase:draft,artifact:review-article,topic:verification",2026-06-28,M,4.0
W18 – Standards Dossier Progress,Complete one MIL-STD-1472 clause-cluster dossier. Update compiler and crosswalk.,"artifact:standards-dossier,std:mil-std-1472,phase:draft",2026-06-28,M,3.0
W18 – Housekeeping: Compiler + Crosswalk + Framework Log,"Update standards compiler dashboard, topic-to-criterion crosswalk, and framework revision history if changed. Fix broken links.","artifact:crosswalk,artifact:framework,phase:audit",2026-06-28,XS,1.0
W19 – JS #37: MIL-STD-1472 clause-related empirical study A,"Complete structured journal summary. Verify N, environment, and statistics against PDF. Add cross-links.","artifact:journal-summary,std:mil-std-1472",2026-07-05,S,2.0
W19 – JS #38: MIL-STD-1472 clause-related empirical study B,"Complete structured journal summary. Verify N, environment, and statistics against PDF. Add cross-links.","artifact:journal-summary,std:mil-std-1472",2026-07-05,S,2.0
W19 – Major Artifact Progress: MIL-STD-1472 dossier production,Advance the current monthly major artifact (review/systematic/framework/strategic) by one meaningful section. Verify claims against PDFs.,"phase:draft,artifact:review-article,topic:verification",2026-07-05,M,4.0
W19 – Standards Dossier Progress,Complete one MIL-STD-1472 clause-cluster dossier. Update compiler and crosswalk.,"artifact:standards-dossier,std:mil-std-1472,phase:draft",2026-07-05,M,3.0
W19 – Housekeeping: Compiler + Crosswalk + Framework Log,"Update standards compiler dashboard, topic-to-criterion crosswalk, and framework revision history if changed. Fix broken links.","artifact:crosswalk,artifact:framework,phase:audit",2026-07-05,XS,1.0
W20 – JS #39: MIL-STD-1472 clause-related empirical study A,"Complete structured journal summary. Verify N, environment, and statistics against PDF. Add cross-links.","artifact:journal-summary,std:mil-std-1472",2026-07-12,S,2.0
W20 – JS #40: MIL-STD-1472 clause-related empirical study B,"Complete structured journal summary. Verify N, environment, and statistics against PDF. Add cross-links.","artifact:journal-summary,std:mil-std-1472",2026-07-12,S,2.0
W20 – Major Artifact Progress: MIL-STD-1472 dossier production,Advance the current monthly major artifact (review/systematic/framework/strategic) by one meaningful section. Verify claims against PDFs.,"phase:draft,artifact:review-article,topic:verification",2026-07-12,M,4.0
W20 – Standards Dossier Progress,Complete one MIL-STD-1472 clause-cluster dossier. Update compiler and crosswalk.,"artifact:standards-dossier,std:mil-std-1472,phase:draft",2026-07-12,M,3.0
W20 – Housekeeping: Compiler + Crosswalk + Framework Log,"Update standards compiler dashboard, topic-to-criterion crosswalk, and framework revision history if changed. Fix broken links.","artifact:crosswalk,artifact:framework,phase:audit",2026-07-12,XS,1.0
W21 – JS #41: MIL-STD-1472 clause-related empirical study A,"Complete structured journal summary. Verify N, environment, and statistics against PDF. Add cross-links.","artifact:journal-summary,std:mil-std-1472",2026-07-19,S,2.0
W21 – JS #42: MIL-STD-1472 clause-related empirical study B,"Complete structured journal summary. Verify N, environment, and statistics against PDF. Add cross-links.","artifact:journal-summary,std:mil-std-1472",2026-07-19,S,2.0
W21 – Major Artifact Progress: MIL-STD-1472 dossier production,Advance the current monthly major artifact (review/systematic/framework/strategic) by one meaningful section. Verify claims against PDFs.,"phase:draft,artifact:review-article,topic:verification",2026-07-19,M,4.0
W21 – Standards Dossier Progress,Complete one MIL-STD-1472 clause-cluster dossier. Update compiler and crosswalk.,"artifact:standards-dossier,std:mil-std-1472,phase:draft",2026-07-19,M,3.0
W21 – Housekeeping: Compiler + Crosswalk + Framework Log,"Update standards compiler dashboard, topic-to-criterion crosswalk, and framework revision history if changed. Fix broken links.","artifact:crosswalk,artifact:framework,phase:audit",2026-07-19,XS,1.0
W22 – JS #43: MIL-STD-1472 clause-related empirical study A,"Complete structured journal summary. Verify N, environment, and statistics against PDF. Add cross-links.","artifact:journal-summary,std:mil-std-1472",2026-07-26,S,2.0
W22 – JS #44: MIL-STD-1472 clause-related empirical study B,"Complete structured journal summary. Verify N, environment, and statistics against PDF. Add cross-links.","artifact:journal-summary,std:mil-std-1472",2026-07-26,S,2.0
W22 – Major Artifact Progress: MIL-STD-1472 dossier production,Advance the current monthly major artifact (review/systematic/framework/strategic) by one meaningful section. Verify claims against PDFs.,"phase:draft,artifact:review-article,topic:verification",2026-07-26,M,4.0
W22 – Standards Dossier Progress,Complete one MIL-STD-1472 clause-cluster dossier. Update compiler and crosswalk.,"artifact:standards-dossier,std:mil-std-1472,phase:draft",2026-07-26,M,3.0
W22 – Housekeeping: Compiler + Crosswalk + Framework Log,"Update standards compiler dashboard, topic-to-criterion crosswalk, and framework revision history if changed. Fix broken links.","artifact:crosswalk,artifact:framework,phase:audit",2026-07-26,XS,1.0
W23 – JS #45: MIL-STD-1472 clause-related empirical study A,"Complete structured journal summary. Verify N, environment, and statistics against PDF. Add cross-links.","artifact:journal-summary,std:mil-std-1472",2026-08-02,S,2.0
W23 – JS #46: MIL-STD-1472 clause-related empirical study B,"Complete structured journal summary. Verify N, environment, and statistics against PDF. Add cross-links.","artifact:journal-summary,std:mil-std-1472",2026-08-02,S,2.0
W23 – Major Artifact Progress: MIL-STD-1472 dossier production,Advance the current monthly major artifact (review/systematic/framework/strategic) by one meaningful section. Verify claims against PDFs.,"phase:draft,artifact:review-article,topic:verification",2026-08-02,M,4.0
W23 – Standards Dossier Progress,Complete one MIL-STD-1472 clause-cluster dossier. Update compiler and crosswalk.,"artifact:standards-dossier,std:mil-std-1472,phase:draft",2026-08-02,M,3.0
W23 – Housekeeping: Compiler + Crosswalk + Framework Log,"Update standards compiler dashboard, topic-to-criterion crosswalk, and framework revision history if changed. Fix broken links.","artifact:crosswalk,artifact:framework,phase:audit",2026-08-02,XS,1.0
W24 – JS #47: MIL-STD-1472 clause-related empirical study A,"Complete structured journal summary. Verify N, environment, and statistics against PDF. Add cross-links.","artifact:journal-summary,std:mil-std-1472",2026-08-09,S,2.0
W24 – JS #48: MIL-STD-1472 clause-related empirical study B,"Complete structured journal summary. Verify N, environment, and statistics against PDF. Add cross-links.","artifact:journal-summary,std:mil-std-1472",2026-08-09,S,2.0
W24 – Major Artifact Progress: MIL-STD-1472 dossier production,Advance the current monthly major artifact (review/systematic/framework/strategic) by one meaningful section. Verify claims against PDFs.,"phase:draft,artifact:review-article,topic:verification",2026-08-09,M,4.0
W24 – Standards Dossier Progress,Complete one MIL-STD-1472 clause-cluster dossier. Update compiler and crosswalk.,"artifact:standards-dossier,std:mil-std-1472,phase:draft",2026-08-09,M,3.0
W24 – Housekeeping: Compiler + Crosswalk + Framework Log,"Update standards compiler dashboard, topic-to-criterion crosswalk, and framework revision history if changed. Fix broken links.","artifact:crosswalk,artifact:framework,phase:audit",2026-08-09,XS,1.0
W25 – JS #49: MIL-STD-1472 clause-related empirical study A,"Complete structured journal summary. Verify N, environment, and statistics against PDF. Add cross-links.","artifact:journal-summary,std:mil-std-1472",2026-08-16,S,2.0
W25 – JS #50: MIL-STD-1472 clause-related empirical study B,"Complete structured journal summary. Verify N, environment, and statistics against PDF. Add cross-links.","artifact:journal-summary,std:mil-std-1472",2026-08-16,S,2.0
W25 – Major Artifact Progress: MIL-STD-1472 dossier production,Advance the current monthly major artifact (review/systematic/framework/strategic) by one meaningful section. Verify claims against PDFs.,"phase:draft,artifact:review-article,topic:verification",2026-08-16,M,4.0
W25 – Standards Dossier Progress,Complete one MIL-STD-1472 clause-cluster dossier. Update compiler and crosswalk.,"artifact:standards-dossier,std:mil-std-1472,phase:draft",2026-08-16,M,3.0
W25 – Housekeeping: Compiler + Crosswalk + Framework Log,"Update standards compiler dashboard, topic-to-criterion crosswalk, and framework revision history if changed. Fix broken links.","artifact:crosswalk,artifact:framework,phase:audit",2026-08-16,XS,1.0
W26 – JS #51: MIL-STD-1472 clause-related empirical study A,"Complete structured journal summary. Verify N, environment, and statistics against PDF. Add cross-links.","artifact:journal-summary,std:mil-std-1472",2026-08-23,S,2.0
W26 – JS #52: MIL-STD-1472 clause-related empirical study B,"Complete structured journal summary. Verify N, environment, and statistics against PDF. Add cross-links.","artifact:journal-summary,std:mil-std-1472",2026-08-23,S,2.0
W26 – Major Artifact Progress: MIL-STD-1472 dossier production,Advance the current monthly major artifact (review/systematic/framework/strategic) by one meaningful section. Verify claims against PDFs.,"phase:draft,artifact:review-article,topic:verification",2026-08-23,M,4.0
W26 – Standards Dossier Progress,Complete one MIL-STD-1472 clause-cluster dossier. Update compiler and crosswalk.,"artifact:standards-dossier,std:mil-std-1472,phase:draft",2026-08-23,M,3.0
W26 – Housekeeping: Compiler + Crosswalk + Framework Log,"Update standards compiler dashboard, topic-to-criterion crosswalk, and framework revision history if changed. Fix broken links.","artifact:crosswalk,artifact:framework,phase:audit",2026-08-23,XS,1.0
W27 – JS #53: MIL-STD-1472 clause-related empirical study A,"Complete structured journal summary. Verify N, environment, and statistics against PDF. Add cross-links.","artifact:journal-summary,std:mil-std-1472",2026-08-30,S,2.0
W27 – JS #54: MIL-STD-1472 clause-related empirical study B,"Complete structured journal summary. Verify N, environment, and statistics against PDF. Add cross-links.","artifact:journal-summary,std:mil-std-1472",2026-08-30,S,2.0
W27 – Major Artifact Progress: MIL-STD-1472 dossier production,Advance the current monthly major artifact (review/systematic/framework/strategic) by one meaningful section. Verify claims against PDFs.,"phase:draft,artifact:review-article,topic:verification",2026-08-30,M,4.0
W27 – Standards Dossier Progress,Complete one MIL-STD-1472 clause-cluster dossier. Update compiler and crosswalk.,"artifact:standards-dossier,std:mil-std-1472,phase:draft",2026-08-30,M,3.0
W27 – Housekeeping: Compiler + Crosswalk + Framework Log,"Update standards compiler dashboard, topic-to-criterion crosswalk, and framework revision history if changed. Fix broken links.","artifact:crosswalk,artifact:framework,phase:audit",2026-08-30,XS,1.0
W28 – JS #55: MIL-STD-1472 clause-related empirical study A,"Complete structured journal summary. Verify N, environment, and statistics against PDF. Add cross-links.","artifact:journal-summary,std:mil-std-1472",2026-09-06,S,2.0
W28 – JS #56: MIL-STD-1472 clause-related empirical study B,"Complete structured journal summary. Verify N, environment, and statistics against PDF. Add cross-links.","artifact:journal-summary,std:mil-std-1472",2026-09-06,S,2.0
W28 – Major Artifact Progress: MIL-STD-1472 dossier production,Advance the current monthly major artifact (review/systematic/framework/strategic) by one meaningful section. Verify claims against PDFs.,"phase:draft,artifact:review-article,topic:verification",2026-09-06,M,4.0
W28 – Standards Dossier Progress,Complete one MIL-STD-1472 clause-cluster dossier. Update compiler and crosswalk.,"artifact:standards-dossier,std:mil-std-1472,phase:draft",2026-09-06,M,3.0
W28 – Housekeeping: Compiler + Crosswalk + Framework Log,"Update standards compiler dashboard, topic-to-criterion crosswalk, and framework revision history if changed. Fix broken links.","artifact:crosswalk,artifact:framework,phase:audit",2026-09-06,XS,1.0
W29 – JS #57: MIL-STD-1472 clause-related empirical study A,"Complete structured journal summary. Verify N, environment, and statistics against PDF. Add cross-links.","artifact:journal-summary,std:mil-std-1472",2026-09-13,S,2.0
W29 – JS #58: MIL-STD-1472 clause-related empirical study B,"Complete structured journal summary. Verify N, environment, and statistics against PDF. Add cross-links.","artifact:journal-summary,std:mil-std-1472",2026-09-13,S,2.0
W29 – Major Artifact Progress: MIL-STD-1472 dossier production,Advance the current monthly major artifact (review/systematic/framework/strategic) by one meaningful section. Verify claims against PDFs.,"phase:draft,artifact:review-article,topic:verification",2026-09-13,M,4.0
W29 – Standards Dossier Progress,Complete one MIL-STD-1472 clause-cluster dossier. Update compiler and crosswalk.,"artifact:standards-dossier,std:mil-std-1472,phase:draft",2026-09-13,M,3.0
W29 – Housekeeping: Compiler + Crosswalk + Framework Log,"Update standards compiler dashboard, topic-to-criterion crosswalk, and framework revision history if changed. Fix broken links.","artifact:crosswalk,artifact:framework,phase:audit",2026-09-13,XS,1.0
W30 – JS #59: MIL-STD-1472 clause-related empirical study A,"Complete structured journal summary. Verify N, environment, and statistics against PDF. Add cross-links.","artifact:journal-summary,std:mil-std-1472",2026-09-20,S,2.0
W30 – JS #60: MIL-STD-1472 clause-related empirical study B,"Complete structured journal summary. Verify N, environment, and statistics against PDF. Add cross-links.","artifact:journal-summary,std:mil-std-1472",2026-09-20,S,2.0
W30 – Major Artifact Progress: MIL-STD-1472 dossier production,Advance the current monthly major artifact (review/systematic/framework/strategic) by one meaningful section. Verify claims against PDFs.,"phase:draft,artifact:review-article,topic:verification",2026-09-20,M,4.0
W30 – Standards Dossier Progress,Complete one MIL-STD-1472 clause-cluster dossier. Update compiler and crosswalk.,"artifact:standards-dossier,std:mil-std-1472,phase:draft",2026-09-20,M,3.0
W30 – Housekeeping: Compiler + Crosswalk + Framework Log,"Update standards compiler dashboard, topic-to-criterion crosswalk, and framework revision history if changed. Fix broken links.","artifact:crosswalk,artifact:framework,phase:audit",2026-09-20,XS,1.0
W31 – JS #61: Verification strategy or case study,"Complete structured journal summary. Verify N, environment, and statistics against PDF. Add cross-links.","artifact:journal-summary,topic:verification",2026-09-27,S,2.0
W31 – JS #62: Cross-standard mapping study,"Complete structured journal summary. Verify N, environment, and statistics against PDF. Add cross-links.","artifact:journal-summary,topic:verification",2026-09-27,S,2.0
W31 – Major Artifact Progress: Strategic integration (verification + cross-standards),Advance the current monthly major artifact (review/systematic/framework/strategic) by one meaningful section. Verify claims against PDFs.,"phase:draft,artifact:review-article,topic:verification",2026-09-27,M,4.0
W31 – Standards Dossier Progress,Standards dossier maintenance or targeted gap-filling as needed to support strategic integration.,"artifact:standards-dossier,std:mil-std-1472,phase:draft",2026-09-27,M,3.0
W31 – Housekeeping: Compiler + Crosswalk + Framework Log,"Update standards compiler dashboard, topic-to-criterion crosswalk, and framework revision history if changed. Fix broken links.","artifact:crosswalk,artifact:framework,phase:audit",2026-09-27,XS,1.0
W32 – JS #63: Verification strategy or case study,"Complete structured journal summary. Verify N, environment, and statistics against PDF. Add cross-links.","artifact:journal-summary,topic:verification",2026-10-04,S,2.0
W32 – JS #64: Cross-standard mapping study,"Complete structured journal summary. Verify N, environment, and statistics against PDF. Add cross-links.","artifact:journal-summary,topic:verification",2026-10-04,S,2.0
W32 – Major Artifact Progress: Strategic integration (verification + cross-standards),Advance the current monthly major artifact (review/systematic/framework/strategic) by one meaningful section. Verify claims against PDFs.,"phase:draft,artifact:review-article,topic:verification",2026-10-04,M,4.0
W32 – Standards Dossier Progress,Standards dossier maintenance or targeted gap-filling as needed to support strategic integration.,"artifact:standards-dossier,std:mil-std-1472,phase:draft",2026-10-04,M,3.0
W32 – Housekeeping: Compiler + Crosswalk + Framework Log,"Update standards compiler dashboard, topic-to-criterion crosswalk, and framework revision history if changed. Fix broken links.","artifact:crosswalk,artifact:framework,phase:audit",2026-10-04,XS,1.0
W33 – JS #65: Verification strategy or case study,"Complete structured journal summary. Verify N, environment, and statistics against PDF. Add cross-links.","artifact:journal-summary,topic:verification",2026-10-11,S,2.0
W33 – JS #66: Cross-standard mapping study,"Complete structured journal summary. Verify N, environment, and statistics against PDF. Add cross-links.","artifact:journal-summary,topic:verification",2026-10-11,S,2.0
W33 – Major Artifact Progress: Strategic integration (verification + cross-standards),Advance the current monthly major artifact (review/systematic/framework/strategic) by one meaningful section. Verify claims against PDFs.,"phase:draft,artifact:review-article,topic:verification",2026-10-11,M,4.0
W33 – Standards Dossier Progress,Standards dossier maintenance or targeted gap-filling as needed to support strategic integration.,"artifact:standards-dossier,std:mil-std-1472,phase:draft",2026-10-11,M,3.0
W33 – Housekeeping: Compiler + Crosswalk + Framework Log,"Update standards compiler dashboard, topic-to-criterion crosswalk, and framework revision history if changed. Fix broken links.","artifact:crosswalk,artifact:framework,phase:audit",2026-10-11,XS,1.0
W34 – JS #67: Verification strategy or case study,"Complete structured journal summary. Verify N, environment, and statistics against PDF. Add cross-links.","artifact:journal-summary,topic:verification",2026-10-18,S,2.0
W34 – JS #68: Cross-standard mapping study,"Complete structured journal summary. Verify N, environment, and statistics against PDF. Add cross-links.","artifact:journal-summary,topic:verification",2026-10-18,S,2.0
W34 – Major Artifact Progress: Strategic integration (verification + cross-standards),Advance the current monthly major artifact (review/systematic/framework/strategic) by one meaningful section. Verify claims against PDFs.,"phase:draft,artifact:review-article,topic:verification",2026-10-18,M,4.0
W34 – Standards Dossier Progress,Standards dossier maintenance or targeted gap-filling as needed to support strategic integration.,"artifact:standards-dossier,std:mil-std-1472,phase:draft",2026-10-18,M,3.0
W34 – Housekeeping: Compiler + Crosswalk + Framework Log,"Update standards compiler dashboard, topic-to-criterion crosswalk, and framework revision history if changed. Fix broken links.","artifact:crosswalk,artifact:framework,phase:audit",2026-10-18,XS,1.0
W35 – JS #69: Verification strategy or case study,"Complete structured journal summary. Verify N, environment, and statistics against PDF. Add cross-links.","artifact:journal-summary,topic:verification",2026-10-25,S,2.0
W35 – JS #70: Cross-standard mapping study,"Complete structured journal summary. Verify N, environment, and statistics against PDF. Add cross-links.","artifact:journal-summary,topic:verification",2026-10-25,S,2.0
W35 – Major Artifact Progress: Strategic integration (verification + cross-standards),Advance the current monthly major artifact (review/systematic/framework/strategic) by one meaningful section. Verify claims against PDFs.,"phase:draft,artifact:review-article,topic:verification",2026-10-25,M,4.0
W35 – Standards Dossier Progress,Standards dossier maintenance or targeted gap-filling as needed to support strategic integration.,"artifact:standards-dossier,std:mil-std-1472,phase:draft",2026-10-25,M,3.0
W35 – Housekeeping: Compiler + Crosswalk + Framework Log,"Update standards compiler dashboard, topic-to-criterion crosswalk, and framework revision history if changed. Fix broken links.","artifact:crosswalk,artifact:framework,phase:audit",2026-10-25,XS,1.0
W36 – JS #71: Verification strategy or case study,"Complete structured journal summary. Verify N, environment, and statistics against PDF. Add cross-links.","artifact:journal-summary,topic:verification",2026-11-01,S,2.0
W36 – JS #72: Cross-standard mapping study,"Complete structured journal summary. Verify N, environment, and statistics against PDF. Add cross-links.","artifact:journal-summary,topic:verification",2026-11-01,S,2.0
W36 – Major Artifact Progress: Strategic integration (verification + cross-standards),Advance the current monthly major artifact (review/systematic/framework/strategic) by one meaningful section. Verify claims against PDFs.,"phase:draft,artifact:review-article,topic:verification",2026-11-01,M,4.0
W36 – Standards Dossier Progress,Standards dossier maintenance or targeted gap-filling as needed to support strategic integration.,"artifact:standards-dossier,std:mil-std-1472,phase:draft",2026-11-01,M,3.0
W36 – Housekeeping: Compiler + Crosswalk + Framework Log,"Update standards compiler dashboard, topic-to-criterion crosswalk, and framework revision history if changed. Fix broken links.","artifact:crosswalk,artifact:framework,phase:audit",2026-11-01,XS,1.0
W37 – JS #73: Promotion narrative / competency evidence source,"Complete structured journal summary. Verify N, environment, and statistics against PDF. Add cross-links.","artifact:journal-summary,artifact:repo-admin",2026-11-08,S,2.0
W37 – JS #74: Process/impact evidence source,"Complete structured journal summary. Verify N, environment, and statistics against PDF. Add cross-links.","artifact:journal-summary,artifact:repo-admin",2026-11-08,S,2.0
W37 – Major Artifact Progress: Promotion synthesis + closeout,Advance the current monthly major artifact (review/systematic/framework/strategic) by one meaningful section. Verify claims against PDFs.,"phase:draft,artifact:repo-admin",2026-11-08,M,4.0
W37 – Standards Dossier Progress,Standards dossier maintenance or targeted gap-filling as needed to support strategic integration.,"artifact:standards-dossier,std:mil-std-1472,phase:draft",2026-11-08,M,3.0
W37 – Housekeeping: Compiler + Crosswalk + Framework Log,"Update standards compiler dashboard, topic-to-criterion crosswalk, and framework revision history if changed. Fix broken links.","artifact:crosswalk,artifact:framework,phase:audit",2026-11-08,XS,1.0
W38 – JS #75: Promotion narrative / competency evidence source,"Complete structured journal summary. Verify N, environment, and statistics against PDF. Add cross-links.","artifact:journal-summary,artifact:repo-admin",2026-11-15,S,2.0
W38 – JS #76: Process/impact evidence source,"Complete structured journal summary. Verify N, environment, and statistics against PDF. Add cross-links.","artifact:journal-summary,artifact:repo-admin",2026-11-15,S,2.0
W38 – Major Artifact Progress: Promotion synthesis + closeout,Advance the current monthly major artifact (review/systematic/framework/strategic) by one meaningful section. Verify claims against PDFs.,"phase:draft,artifact:repo-admin",2026-11-15,M,4.0
W38 – Standards Dossier Progress,Standards dossier maintenance or targeted gap-filling as needed to support strategic integration.,"artifact:standards-dossier,std:mil-std-1472,phase:draft",2026-11-15,M,3.0
W38 – Housekeeping: Compiler + Crosswalk + Framework Log,"Update standards compiler dashboard, topic-to-criterion crosswalk, and framework revision history if changed. Fix broken links.","artifact:crosswalk,artifact:framework,phase:audit",2026-11-15,XS,1.0
W39 – JS #77: Promotion narrative / competency evidence source,"Complete structured journal summary. Verify N, environment, and statistics against PDF. Add cross-links.","artifact:journal-summary,artifact:repo-admin",2026-11-22,S,2.0
W39 – JS #78: Process/impact evidence source,"Complete structured journal summary. Verify N, environment, and statistics against PDF. Add cross-links.","artifact:journal-summary,artifact:repo-admin",2026-11-22,S,2.0
W39 – Major Artifact Progress: Promotion synthesis + closeout,Advance the current monthly major artifact (review/systematic/framework/strategic) by one meaningful section. Verify claims against PDFs.,"phase:draft,artifact:repo-admin",2026-11-22,M,4.0
W39 – Standards Dossier Progress,Standards dossier maintenance or targeted gap-filling as needed to support strategic integration.,"artifact:standards-dossier,std:mil-std-1472,phase:draft",2026-11-22,M,3.0
W39 – Housekeeping: Compiler + Crosswalk + Framework Log,"Update standards compiler dashboard, topic-to-criterion crosswalk, and framework revision history if changed. Fix broken links.","artifact:crosswalk,artifact:framework,phase:audit",2026-11-22,XS,1.0
W40 – JS #79: Promotion narrative / competency evidence source,"Complete structured journal summary. Verify N, environment, and statistics against PDF. Add cross-links.","artifact:journal-summary,artifact:repo-admin",2026-11-29,S,2.0
W40 – JS #80: Process/impact evidence source,"Complete structured journal summary. Verify N, environment, and statistics against PDF. Add cross-links.","artifact:journal-summary,artifact:repo-admin",2026-11-29,S,2.0
W40 – Major Artifact Progress: Promotion synthesis + closeout,Advance the current monthly major artifact (review/systematic/framework/strategic) by one meaningful section. Verify claims against PDFs.,"phase:draft,artifact:repo-admin",2026-11-29,M,4.0
W40 – Standards Dossier Progress,Standards dossier maintenance or targeted gap-filling as needed to support strategic integration.,"artifact:standards-dossier,std:mil-std-1472,phase:draft",2026-11-29,M,3.0
W40 – Housekeeping: Compiler + Crosswalk + Framework Log,"Update standards compiler dashboard, topic-to-criterion crosswalk, and framework revision history if changed. Fix broken links.","artifact:crosswalk,artifact:framework,phase:audit",2026-11-29,XS,1.0
MILESTONE – Complete Workload Review v1,"Finalize workload review, run audit, and tag release.","artifact:review-article,topic:workload,phase:audit",2026-03-22,L,8.0
MILESTONE – Complete Workload Systematic Review,"Finalize systematic review, run audit, archive extraction table.","artifact:systematic-review,topic:workload,phase:audit",2026-04-30,L,8.0
MILESTONE – Complete SA Review v1,"Finalize SA review, run audit.","artifact:review-article,topic:situational-awareness,phase:audit",2026-05-31,L,8.0
MILESTONE – HE Airworthiness Framework v1.0 (Due July 1),Finalize framework v1.0 with MoC decision logic and governance gates. Run audit.,"artifact:framework,phase:audit",2026-07-01,XL,12.0
MILESTONE – Sept Mastery Evidence Package (Due Sept 1),Compile artifacts demonstrating mastery; link to competencies and goals.,"artifact:repo-admin,phase:audit",2026-09-01,L,8.0
MILESTONE – Promotion Synthesis Brief Draft,Draft concise synthesis mapping outputs to competencies and impact.,"artifact:repo-admin,phase:draft",2026-11-15,M,4.0
MILESTONE – Promotion Synthesis Brief Final + Full Repo Audit,"Finalize brief; audit compiler, crosswalks, and broken links.","artifact:repo-admin,phase:audit",2026-11-30,XL,12.0
